Edge Case Type,Text,Expected Label,Predicted Label,Correct,P(Normal) %,P(Depression) %,P(Suicidal) %,P(Anxiety) %,P(Stress) %,P(Bipolar) %,P(Personality disorder) %,Note
Hyperbole,I'm so hungry I could eat a horse right now.,Normal,Normal,TRUE,99.9,0,0,0,0,0,0,
Hyperbole,"This deadline is actually going to kill me, I've got way too much on my plate this week.",Stress,Normal,FALSE,68.5,2.2,5.7,5.7,12.7,4.3,1,
Hyperbole,"I laughed so hard I nearly died, that video was hilarious.",Normal,Normal,TRUE,99.3,0.2,0.2,0.1,0.1,0,0,
Hyperbole,"My heart is pounding out of my chest, I'm so nervous about this exam I could throw up.",Anxiety,Anxiety,TRUE,0.1,0.1,0,99.2,0.5,0.1,0,
Hyperbole,"I feel like the weight of the entire world is crushing me, I can't shake this sadness no matter what I do.",Depression,Depression,TRUE,0.1,94.4,0.9,1.4,1.2,0.8,1.1,
Hyperbole,"I have a thousand things to do and only twenty-four hours in the day, I'm losing it.",Stress,Depression,FALSE,9.1,38.2,1.5,30.6,13.6,6.1,0.8,
Hyperbole,"That concert was insane, best night of my entire life, I'm still buzzing.",Normal,Normal,TRUE,98.1,0.2,0.3,0.5,0.3,0.4,0.3,
Hyperbole,I'm so anxious about the flight tomorrow I feel like I'm going to explode.,Anxiety,Anxiety,TRUE,0.1,0.1,0,99.3,0.4,0.1,0,
Hyperbole,I feel like I'm carrying around a two hundred pound weight of sadness that never goes away no matter how much I try to shake it off.,Depression,Depression,TRUE,0.3,96.7,0.7,0.4,0.8,0.5,0.5,
Hyperbole,"I have so much on my plate right now I feel like I'm about to combust, this week has been absolute chaos.",Stress,Stress,TRUE,12.6,6.6,1.1,13.4,56.3,9.4,0.6,
Idiom,"I killed two birds with one stone today, finished my report and picked up groceries.",Normal,Normal,TRUE,99,0.2,0.6,0,0.1,0,0,
Idiom,"That joke had me dying, so funny.",Normal,Normal,TRUE,99.8,0.1,0.1,0,0,0,0,
Idiom,"I'm swamped at work this week, drowning in emails and back-to-back meetings.",Stress,Normal,FALSE,98.7,0.1,0.2,0.4,0.4,0.2,0.1,
Idiom,My stomach's in knots waiting for the test results to come back.,Anxiety,Normal,FALSE,99.8,0,0,0.1,0,0,0,
Idiom,"I've been feeling down in the dumps for weeks now, nothing seems to lift my mood.",Depression,Normal,FALSE,98.7,0.2,0.1,0.5,0.3,0.2,0,
Idiom,"Break a leg tonight, you're going to do great.",Normal,Normal,TRUE,99.8,0,0,0.1,0,0,0,
Idiom,I'm running on fumes trying to juggle work and the kids this week.,Stress,Normal,FALSE,99.8,0,0,0.1,0.1,0,0,
Idiom,I've been walking on eggshells all week worried about the layoffs at work.,Anxiety,Anxiety,TRUE,0.5,0.1,0,98.6,0.5,0.1,0,
Idiom,"One week I'm on top of the world starting five new projects and the next I can't even get off the couch, it's like living with two different people in my head.",Bipolar,Normal,FALSE,65.5,1.9,0.8,4.1,12.4,13.5,1.7,
Idiom,"I burn bridges the second I feel someone pulling away, better to torch it myself than wait around to get left, that's just how I'm wired I guess.",Personality disorder,Normal,FALSE,89.4,0.4,0.5,4,4.4,0.8,0.5,
Sarcasm,"Oh great, another all-nighter, exactly what I needed with three deadlines this week.",Stress,Normal,FALSE,99.6,0,0.1,0.1,0.1,0.1,0,
Sarcasm,"Wonderful, it's raining again the one day I decided to walk to work.",Normal,Normal,TRUE,99.9,0,0,0,0,0,0,
Sarcasm,"Fantastic, my hands are shaking again right before the presentation, love that for me.",Anxiety,Normal,FALSE,99.8,0,0,0.1,0,0,0,
Sarcasm,"Great, another day where I can't find the motivation to get out of bed, really thriving over here.",Depression,Normal,FALSE,98.9,0.2,0.1,0.4,0.1,0.3,0.1,
Sarcasm,"Perfect, spilled coffee all over my shirt right before the meeting, off to a great start.",Normal,Normal,TRUE,99.8,0,0,0,0,0,0,
Sarcasm,"Love how my inbox somehow doubled overnight, definitely going to be a relaxing week.",Stress,Normal,FALSE,99.7,0,0,0.1,0,0,0,
Sarcasm,"Oh good, my mind is racing through worst case scenarios again at 2am, exactly what I needed.",Anxiety,Normal,FALSE,99.6,0,0.2,0.1,0,0,0,
Sarcasm,"Sure, I'm 'doing great,' that's why I've cancelled plans with everyone three weekends in a row.",Depression,Normal,FALSE,99.8,0,0,0,0,0,0,
Sarcasm,"Oh I'm SO fine, definitely not lying awake calculating how much easier it would be for everyone if I just wasn't here anymore, nothing to see here.",Suicidal,Normal,FALSE,91.9,2.1,0.9,2,1.5,0.5,0.9,
Sarcasm,"Great, another 'friend' who disappears the second things get hard, must be something about me right? Awesome pattern I've got going, really love collecting people just to lose them.",Personality disorder,Personality disorder,TRUE,24.1,2.7,0.9,7.2,1.2,14.4,49.6,
Temporal blindness,"I used to struggle with anxiety attacks in college, but I haven't had one in years and feel completely fine now.",Normal,Anxiety,FALSE,6.8,0.2,0.1,86.8,5.6,0.2,0.2,
Temporal blindness,"I went through a rough depressive episode after my divorce, but that was five years ago and I'm honestly in a really good place now.",Normal,Depression,FALSE,9.4,46.3,0.9,1,17.9,24.1,0.4,
Temporal blindness,I've been anxious about this move for weeks now and it's still eating at me every single day.,Anxiety,Anxiety,TRUE,0.2,0.1,0,98.7,0.9,0.1,0.1,
Temporal blindness,"Ever since the new project started last month, I've been stressed out non-stop and it hasn't let up.",Stress,Normal,FALSE,81.1,0.2,0.1,1.1,17.3,0.1,0.1,
Temporal blindness,I've felt this heavy sadness since the breakup two months ago and it still hasn't gone away.,Depression,Normal,FALSE,68.2,1.9,0.3,1.8,26.5,0.8,0.5,
Temporal blindness,"I had panic attacks daily back in high school, but that stopped once I graduated and I've been panic-free for almost a decade.",Normal,Anxiety,FALSE,24.5,0.7,0.2,41.7,24.1,2.4,6.5,
Temporal blindness,I had a manic episode last year and I'm still cycling between highs and crashes most months.,Bipolar,Bipolar,TRUE,0.1,0.2,0.1,1.4,0.4,97.8,0.1,
Temporal blindness,"I used to have really bad social anxiety, but after a few years of practice I actually enjoy parties now.",Normal,Normal,TRUE,98.9,0.2,0.1,0.3,0.2,0,0.3,
Temporal blindness,"I told my therapist I 'used to' think about not waking up, but honestly some nights it's still there, I just don't say it out loud anymore.",Suicidal,Normal,FALSE,96.8,0.9,0.1,0.4,0.9,0.5,0.4,
Temporal blindness,"I used to tell people my relationships 'just didn't work out,' but looking back, every single one ended the same way, me either clinging so hard they ran or pushing them away before they could leave first, and honestly that hasn't really changed.",Personality disorder,Normal,FALSE,55.1,0.8,0.2,0.6,33.3,0.9,9.2,
Minimized distress,"I've been swamped with work lately, staying late most nights and barely keeping up, but I think I just need a lighter week.",Stress,Normal,FALSE,95.9,0.1,0,0.5,3.3,0.1,0,
Minimized distress,"I'm okay I guess, just haven't felt like myself in weeks and everything feels kind of pointless.",Depression,Anxiety,FALSE,6.6,28.9,0.6,39.1,21.7,2.2,1,
Minimized distress,"It's nothing, I just get really panicky before flights, my heart races and I can't sit still.",Anxiety,Anxiety,TRUE,3.1,0.4,0.1,89.6,6.5,0.3,0.1,
Minimized distress,"No big deal, just been crying more than usual and struggling to get out of bed most mornings.",Depression,Normal,FALSE,96.7,1.3,0.1,1.4,0.3,0.1,0,
Minimized distress,"It's fine honestly, just thinking too much right now and feeling constantly worried about stuff.",Anxiety,Anxiety,TRUE,0.4,0.1,0,98.9,0.5,0.1,0,
Minimized distress,"Not a big thing, I just can't stop worrying about everything lately, my mind won't slow down.",Anxiety,Anxiety,TRUE,0.6,0.1,0,98.8,0.4,0.1,0,
Minimized distress,"It's nothing serious, I just go through these weeks where I barely sleep and work way too much, then crash hard after.",Stress,Stress,TRUE,18,5.9,0.3,2,71.7,1.8,0.2,
Minimized distress,"I'm managing, just feel numb most days and nothing really excites me like it used to.",Depression,Depression,TRUE,0.7,57.5,0.4,31,5.3,4.7,0.3,
Minimized distress,"It's nothing really, I've just been having thoughts about wanting to end my life, but don't make a big deal out of it, I'll be fine.",Suicidal,Depression,FALSE,9,46.6,30.5,1.2,7.6,3.3,1.9,
Minimized distress,"I don't mean to bother anyone, and I know everyone here has much bigger problems than me, but I've been feeling a bit overwhelmed lately. Sorry for wasting your time.",Stress,Stress,TRUE,25.4,1.1,0.2,29.1,41.2,1.2,1.9,
